<?xml version="1.0" encoding="UTF-8"?>
<GenRun Id="synth_1" LaunchPart="xc7k70tfbv676-1" LaunchTime="1713365558">
  <File Type="PA-TCL" Name="ASP.tcl"/>
  <File Type="REPORTS-TCL" Name="ASP_reports.tcl"/>
  <File Type="RDS-RDS" Name="ASP.vds"/>
  <File Type="RDS-UTIL" Name="ASP_utilization_synth.rpt"/>
  <File Type="RDS-UTIL-PB" Name="ASP_utilization_synth.pb"/>
  <File Type="RDS-DCP" Name="ASP.dcp"/>
  <FileSet Name="sources" Type="DesignSrcs" RelSrcDir="$PSRCDIR/sources_1" RelGenDir="$PGENDIR/sources_1">
    <Filter Type="Srcs"/>
    <File Path="$PSRCDIR/sources_1/new/control_unit.v">
      <FileInfo>
        <Attr Name="ImportPath" Val="$PPRDIR/../../../../final_assignment.srcs/sources_1/new/control_unit.v"/>
        <Attr Name="ImportTime" Val="1713357828"/>
        <Attr Name="UsedIn" Val="synthesis"/>
        <Attr Name="UsedIn" Val="implementation"/>
        <Attr Name="UsedIn" Val="simulation"/>
      </FileInfo>
    </File>
    <File Path="$PSRCDIR/sources_1/new/log.v">
      <FileInfo>
        <Attr Name="ImportPath" Val="$PPRDIR/../../../../final_assignment.srcs/sources_1/new/log.v"/>
        <Attr Name="ImportTime" Val="1713364432"/>
        <Attr Name="UsedIn" Val="synthesis"/>
        <Attr Name="UsedIn" Val="implementation"/>
        <Attr Name="UsedIn" Val="simulation"/>
      </FileInfo>
    </File>
    <File Path="$PSRCDIR/sources_1/new/output_stage.v">
      <FileInfo>
        <Attr Name="ImportPath" Val="$PPRDIR/../../../../final_assignment.srcs/sources_1/new/output_stage.v"/>
        <Attr Name="ImportTime" Val="1713359655"/>
        <Attr Name="UsedIn" Val="synthesis"/>
        <Attr Name="UsedIn" Val="implementation"/>
        <Attr Name="UsedIn" Val="simulation"/>
      </FileInfo>
    </File>
    <File Path="$PSRCDIR/sources_1/new/secret_key_register.v">
      <FileInfo>
        <Attr Name="ImportPath" Val="$PPRDIR/../../../../final_assignment.srcs/sources_1/new/secret_key_register.v"/>
        <Attr Name="ImportTime" Val="1713348787"/>
        <Attr Name="UsedIn" Val="synthesis"/>
        <Attr Name="UsedIn" Val="implementation"/>
        <Attr Name="UsedIn" Val="simulation"/>
      </FileInfo>
    </File>
    <File Path="$PSRCDIR/sources_1/new/soft_error_detection.v">
      <FileInfo>
        <Attr Name="ImportPath" Val="$PPRDIR/../../../../final_assignment.srcs/sources_1/new/soft_error_detection.v"/>
        <Attr Name="ImportTime" Val="1713339323"/>
        <Attr Name="UsedIn" Val="synthesis"/>
        <Attr Name="UsedIn" Val="implementation"/>
        <Attr Name="UsedIn" Val="simulation"/>
      </FileInfo>
    </File>
    <File Path="$PSRCDIR/sources_1/new/stage_1.v">
      <FileInfo>
        <Attr Name="ImportPath" Val="$PPRDIR/../../../../final_assignment.srcs/sources_1/new/stage_1.v"/>
        <Attr Name="ImportTime" Val="1713332459"/>
        <Attr Name="UsedIn" Val="synthesis"/>
        <Attr Name="UsedIn" Val="implementation"/>
        <Attr Name="UsedIn" Val="simulation"/>
      </FileInfo>
    </File>
    <File Path="$PSRCDIR/sources_1/new/stage_2.v">
      <FileInfo>
        <Attr Name="ImportPath" Val="$PPRDIR/../../../../final_assignment.srcs/sources_1/new/stage_2.v"/>
        <Attr Name="ImportTime" Val="1713332459"/>
        <Attr Name="UsedIn" Val="synthesis"/>
        <Attr Name="UsedIn" Val="implementation"/>
        <Attr Name="UsedIn" Val="simulation"/>
      </FileInfo>
    </File>
    <File Path="$PSRCDIR/sources_1/new/stage_3.v">
      <FileInfo>
        <Attr Name="ImportPath" Val="$PPRDIR/../../../../final_assignment.srcs/sources_1/new/stage_3.v"/>
        <Attr Name="ImportTime" Val="1713332459"/>
        <Attr Name="UsedIn" Val="synthesis"/>
        <Attr Name="UsedIn" Val="implementation"/>
        <Attr Name="UsedIn" Val="simulation"/>
      </FileInfo>
    </File>
    <File Path="$PSRCDIR/sources_1/new/tag_generation.v">
      <FileInfo>
        <Attr Name="ImportPath" Val="$PPRDIR/../../../../final_assignment.srcs/sources_1/new/tag_generation.v"/>
        <Attr Name="ImportTime" Val="1713359211"/>
        <Attr Name="UsedIn" Val="synthesis"/>
        <Attr Name="UsedIn" Val="implementation"/>
        <Attr Name="UsedIn" Val="simulation"/>
      </FileInfo>
    </File>
    <File Path="$PSRCDIR/sources_1/new/ASP.v">
      <FileInfo>
        <Attr Name="ImportPath" Val="$PPRDIR/../../../../final_assignment.srcs/sources_1/new/ASP.v"/>
        <Attr Name="ImportTime" Val="1713363819"/>
        <Attr Name="UsedIn" Val="synthesis"/>
        <Attr Name="UsedIn" Val="implementation"/>
        <Attr Name="UsedIn" Val="simulation"/>
      </FileInfo>
    </File>
    <Config>
      <Option Name="DesignMode" Val="RTL"/>
      <Option Name="TopModule" Val="ASP"/>
      <Option Name="TopAutoSet" Val="TRUE"/>
    </Config>
  </FileSet>
  <FileSet Name="constrs_in" Type="Constrs" RelSrcDir="$PSRCDIR/constrs_1">
    <Filter Type="Constrs"/>
    <Config>
      <Option Name="ConstrsType" Val="XDC"/>
    </Config>
  </FileSet>
  <FileSet Name="utils" Type="Utils" RelSrcDir="$PSRCDIR/utils_1">
    <Filter Type="Utils"/>
    <Config>
      <Option Name="TopAutoSet" Val="TRUE"/>
    </Config>
  </FileSet>
  <Strategy Version="1" Minor="2">
    <StratHandle Name="Vivado Synthesis Defaults" Flow="Vivado Synthesis 2022"/>
    <Step Id="synth_design"/>
  </Strategy>
</GenRun>
